,vegetarian,glutenFree,dairyFree,veryHealthy,healthScore,aggregateLikes,id,title,pricePerServing,readyInMinutes,servings,sourceUrl,Calories-Amount,Calories-PercentOfDailyNeed,Fat-Amount,Fat-PercentOfDailyNeed,Saturated Fat-Amount,Saturated Fat-PercentOfDailyNeed,Carbohydrates-Amount,Carbohydrates-PercentOfDailyNeed,Sugar-Amount,Sugar-PercentOfDailyNeed,Cholesterol-Amount,Cholesterol-PercentOfDailyNeed,Sodium-Amount,Sodium-PercentOfDailyNeed,Alcohol-Amount,Alcohol-PercentOfDailyNeed,Protein-Amount,Protein-PercentOfDailyNeed,Vitamin A-Amount,Vitamin A-PercentOfDailyNeed,Vitamin K-Amount,Vitamin K-PercentOfDailyNeed,Manganese-Amount,Manganese-PercentOfDailyNeed,Vitamin C-Amount,Vitamin C-PercentOfDailyNeed,Vitamin B6-Amount,Vitamin B6-PercentOfDailyNeed,Copper-Amount,Copper-PercentOfDailyNeed,Fiber-Amount,Fiber-PercentOfDailyNeed,Potassium-Amount,Potassium-PercentOfDailyNeed,Magnesium-Amount,Magnesium-PercentOfDailyNeed,Phosphorus-Amount,Phosphorus-PercentOfDailyNeed,Iron-Amount,Iron-PercentOfDailyNeed,Vitamin B5-Amount,Vitamin B5-PercentOfDailyNeed,Vitamin B1-Amount,Vitamin B1-PercentOfDailyNeed,Calcium-Amount,Calcium-PercentOfDailyNeed,Folate-Amount,Folate-PercentOfDailyNeed,Vitamin E-Amount,Vitamin E-PercentOfDailyNeed,Vitamin B2-Amount,Vitamin B2-PercentOfDailyNeed,Vitamin B3-Amount,Vitamin B3-PercentOfDailyNeed,Zinc-Amount,Zinc-PercentOfDailyNeed,Selenium-Amount,Selenium-PercentOfDailyNeed,Vitamin B12-Amount,Vitamin B12-PercentOfDailyNeed,Vitamin D-Amount,Vitamin D-PercentOfDailyNeed,Caffeine-Amount,Caffeine-PercentOfDailyNeed
0,True,True,False,False,11.0,15,648709,"Kale & chickpea stew with cumin, smoked paprika and lime",68.53,45,6,https://www.foodista.com/recipe/XQZSJ4W6/kale-chickpea-stew-with-cumin-smoked-paprika-and-lime,162,8.12,5g,7.82,1g,10.26,26g,8.68,6g,7.31,5mg,1.7,175mg,7.65,0.77g,4.26,3g,7.0,11921IU,238.43,70µg,67.3,0.54mg,26.92,15mg,18.69,0.37mg,18.61,0.33mg,16.53,4g,16.14,421mg,12.05,37mg,9.28,82mg,8.23,1mg,7.93,0.74mg,7.42,0.09mg,5.85,58mg,5.81,21µg,5.41,0.78mg,5.18,0.09mg,5.09,0.8mg,3.98,0.55mg,3.68,1µg,2.08,,,,,,
1,False,False,False,False,23.0,18,636558,Buttermilk Onion Rings,224.72,45,3,https://www.foodista.com/recipe/H347QHDP/buttermilk-onion-rings,3262,163.12,327g,503.68,260g,1628.67,88g,29.34,10g,11.37,78mg,26.06,1594mg,69.33,,,19g,38.39,372IU,7.45,82µg,78.36,0.89mg,44.46,3mg,3.98,0.17mg,8.34,0.26mg,13.05,3g,15.9,489mg,13.99,50mg,12.5,371mg,37.2,5mg,30.85,1mg,12.24,1mg,67.64,346mg,34.68,168µg,42.15,12mg,82.25,0.76mg,44.71,6mg,34.61,1mg,12.26,40µg,58.17,0.88µg,14.64,1µg,12.36,,
2,False,False,True,True,67.0,7,641559,Dolsot Bibimbap,765.82,45,4,http://www.foodista.com/recipe/2522ZFCV/dolsot-bibimbap,1869,93.49,40g,62.39,11g,68.91,316g,105.38,26g,29.61,255mg,85.23,1280mg,55.69,,,53g,106.42,8138IU,162.77,236µg,225.16,4mg,207.01,52mg,63.65,1mg,65.71,1mg,51.34,16g,65.33,1339mg,38.29,159mg,39.8,655mg,65.54,15mg,87.85,6mg,60.17,1mg,108.24,222mg,22.28,641µg,160.36,2mg,13.58,0.72mg,42.24,18mg,92.61,9mg,61.4,78µg,112.52,2µg,36.18,1µg,8.55,,
3,True,False,True,False,20.0,13,661121,Spicy Lemongrass Soup,293.91,45,4,https://www.foodista.com/recipe/QSNYFL4Q/spicy-lemongrass-soup,258,12.91,7g,12.07,5g,35.28,42g,14.09,6g,7.48,0.0mg,0.0,783mg,34.07,,,6g,12.35,3188IU,63.76,4µg,4.44,0.94mg,46.8,125mg,151.85,0.35mg,17.58,0.27mg,13.72,3g,12.04,537mg,15.36,56mg,14.07,154mg,15.45,2mg,15.38,0.44mg,4.45,0.13mg,8.54,45mg,4.58,57µg,14.33,1mg,10.27,0.12mg,7.28,1mg,7.74,1mg,7.62,4µg,6.94,,,,,,
4,False,False,False,False,9.0,55,633265,Bacon & Egg Toast Cups,148.31,45,2,https://www.foodista.com/recipe/P6LXBQR8/bacon-egg-toast-cups,578,28.93,41g,63.38,16g,105.85,25g,8.64,2g,3.29,480mg,160.33,796mg,34.62,,,24g,48.98,979IU,19.58,1µg,1.35,0.33mg,16.67,,,0.35mg,17.69,0.16mg,8.22,1g,5.4,304mg,8.7,31mg,7.92,342mg,34.28,3mg,22.02,2mg,22.66,0.43mg,28.93,199mg,19.91,109µg,27.3,1mg,12.1,0.68mg,40.01,4mg,21.25,2mg,16.1,54µg,78.28,1µg,20.88,2µg,17.69,,
5,False,True,True,False,0.0,61,633338,Bacon Wrapped Filet Mignon,38.96,45,4,https://www.foodista.com/recipe/XL2YFTWY/bacon-wrapped-filet-mignon,97,4.89,8g,13.68,2g,18.64,0.78g,0.26,0.02g,0.02,16mg,5.38,195mg,8.51,,,3g,6.86,,,,,0.03mg,1.4,,,0.09mg,4.64,,,,,58mg,1.67,,,39mg,3.93,,,0.15mg,1.47,0.07mg,4.37,,,,,,,0.02mg,1.32,1mg,5.29,0.38mg,2.52,5µg,7.73,0.13µg,2.23,,,,
6,False,False,False,False,27.0,700,640275,Crab Cakes Eggs Benedict,745.41,30,3,http://www.foodista.com/recipe/P53KDVS3/crab-cakes-eggs-benedict,899,44.98,58g,90.63,21g,131.55,41g,13.84,3g,3.61,394mg,131.35,2259mg,98.23,,,42g,84.27,1389IU,27.78,115µg,109.78,0.47mg,23.31,17mg,21.33,0.42mg,21.11,1mg,78.87,2g,11.72,610mg,17.46,105mg,26.49,572mg,57.21,3mg,19.56,1mg,19.3,0.33mg,22.19,184mg,18.47,146µg,36.63,2mg,17.18,0.51mg,29.88,3mg,17.73,10mg,70.11,77µg,110.63,14µg,238.12,1µg,11.12,,
7,True,True,True,False,4.0,39,716198,Tart Raspberry Sorbet with a Hint of Heat,62.12,45,6,http://foodandspice.blogspot.com/2012/07/tart-raspberry-sorbet-with-hint-of-heat.html,40,2.02,0.21g,0.32,0.01g,0.05,9g,3.28,5g,6.22,0.0mg,0.0,27mg,1.21,,,0.43g,0.85,,,2µg,2.28,0.22mg,11.05,10mg,13.16,0.02mg,1.07,0.04mg,1.8,2g,9.22,61mg,1.76,7mg,1.95,11mg,1.14,0.26mg,1.44,0.11mg,1.09,,,10mg,1.01,7µg,1.88,0.28mg,1.87,0.02mg,1.06,,,,,,,,,,,,
8,False,False,False,False,40.0,231,715573,Simple Skillet Lasagna,245.66,35,5,http://www.pinkwhen.com/skillet-lasagna/,810,40.53,45g,70.56,16g,102.97,68g,22.9,16g,17.99,108mg,36.14,1651mg,71.82,,,33g,67.34,823IU,16.47,25µg,24.0,1mg,64.09,33mg,40.76,1mg,51.04,0.87mg,43.67,8g,34.41,1450mg,41.43,118mg,29.65,431mg,43.14,6mg,38.71,1mg,18.68,1mg,71.72,198mg,19.88,68µg,17.04,4mg,28.72,0.46mg,26.97,9mg,46.82,4mg,28.96,72µg,103.67,1µg,22.85,,,,
9,False,True,True,False,0.0,19,639866,Coffee Cream Martinis,79.22,45,4,https://www.foodista.com/recipe/3LNCWRTF/coffee-cream-martinis,220,11.02,1g,2.35,0.91g,5.71,39g,13.05,37g,41.13,0.0mg,0.0,9mg,0.4,7g,40.52,0.54g,1.08,,,,,0.04mg,1.96,,,,,0.06mg,2.81,0.26g,1.04,,,6mg,1.66,13mg,1.34,0.22mg,1.25,,,,,,,,,,,,,,,,,,,,,,,3mg,1.03
10,False,True,False,False,13.0,13,636359,Brussel Sprouts in Bacon and Garlic Sauce,111.13,45,2,https://www.foodista.com/recipe/HLHQZVB7/brussel-sprouts-in-bacon-and-garlic-sauce,127,6.36,6g,10.75,3g,23.87,13g,4.56,2g,3.17,15mg,5.02,1040mg,45.26,,,5g,11.34,1117IU,22.36,221µg,211.25,0.49mg,24.53,108mg,131.55,0.33mg,16.37,0.2mg,9.97,5g,20.79,511mg,14.62,38mg,9.6,101mg,10.18,1mg,10.3,0.42mg,4.21,0.2mg,13.58,80mg,8.06,81µg,20.38,1mg,10.07,0.12mg,7.18,1mg,5.1,0.7mg,4.64,2µg,4.15,,,,,,
11,True,False,False,False,41.0,8,655523,Pecan Sandies,754.63,45,1,http://www.foodista.com/recipe/XTJMLMP2/pecan-sandies,4578,228.91,287g,443.04,127g,796.35,479g,159.87,322g,358.2,815mg,271.8,2918mg,126.9,1g,7.64,41g,82.88,6203IU,124.07,36µg,34.43,5mg,289.48,1mg,1.32,0.45mg,22.39,1mg,77.67,14g,58.29,1290mg,36.87,176mg,44.18,706mg,70.63,13mg,72.72,3mg,32.76,2mg,144.83,205mg,20.59,413µg,103.27,11mg,77.33,1mg,94.12,12mg,62.02,7mg,47.93,98µg,140.78,1µg,19.49,5µg,34.43,,
12,True,True,False,False,10.0,8,650751,Mango Avocado Ice Cream,69.37,45,8,http://www.foodista.com/recipe/2Z8MHLXB/mango-avocado-ice-cream,139,6.97,8g,13.01,1g,10.38,16g,5.48,11g,13.26,3mg,1.02,17mg,0.75,,,2g,4.43,404IU,8.09,11µg,11.19,0.1mg,4.79,15mg,18.92,0.17mg,8.71,0.14mg,6.78,3g,15.25,335mg,9.6,20mg,5.17,56mg,5.62,0.36mg,2.02,0.87mg,8.73,0.06mg,3.73,44mg,4.43,53µg,13.47,1mg,8.68,0.13mg,7.66,1mg,5.44,0.48mg,3.19,1µg,2.22,0.14µg,2.29,0.4µg,2.64,,
13,False,True,True,False,20.0,27,652819,"My ""Secret"" Bolognese Sauce",275.53,45,12,https://www.foodista.com/recipe/3V8MZXNN/my-secret-bolognese-sauce,505,25.26,32g,50.35,11g,72.38,19g,6.61,11g,12.25,113mg,37.93,594mg,25.83,2g,11.78,28g,57.17,3555IU,71.12,43µg,41.0,0.39mg,19.3,26mg,32.31,0.77mg,38.67,0.25mg,12.26,4g,16.71,897mg,25.63,56mg,14.2,316mg,31.65,3mg,21.62,1mg,13.65,0.62mg,41.6,124mg,12.48,53µg,13.27,1mg,11.34,0.37mg,21.8,8mg,42.07,4mg,31.13,27µg,39.99,1µg,32.07,,,,
14,False,False,True,False,12.0,37,632071,All American Sloppy Joes,182.0,45,4,http://www.foodista.com/recipe/DNFR7JZT/sloppy-joe,506,25.33,27g,42.93,9g,59.57,38g,12.68,14g,16.24,79mg,26.63,1033mg,44.92,,,24g,49.8,310IU,6.22,8µg,8.05,0.41mg,20.47,18mg,22.31,0.55mg,27.64,0.23mg,11.26,2g,9.96,663mg,18.95,44mg,11.2,255mg,25.5,4mg,25.99,0.81mg,8.06,0.36mg,24.14,120mg,12.08,67µg,16.78,1mg,12.65,0.31mg,18.48,7mg,37.61,5mg,35.32,27µg,39.25,2µg,41.56,,,,
15,True,False,False,False,3.0,7,641659,Drunken Apple Cake,210.89,45,6,https://www.foodista.com/recipe/4WGZFZBC/drunken-apple-cake,1071,53.57,60g,93.41,27g,173.34,118g,39.46,75g,84.2,150mg,50.27,968mg,42.11,5g,30.0,9g,18.78,1215IU,24.31,14µg,13.94,0.72mg,35.83,4mg,5.26,0.15mg,7.37,0.26mg,13.13,4g,16.02,262mg,7.49,35mg,8.92,165mg,16.57,2mg,15.08,0.79mg,7.9,0.4mg,26.74,84mg,8.5,97µg,24.39,2mg,16.43,0.4mg,23.24,2mg,13.58,1mg,7.17,20µg,29.68,0.33µg,5.47,0.94µg,6.28,,
16,False,True,True,False,35.0,9,656846,Pork with Blueberry Sauce,359.54,45,4,http://www.foodista.com/recipe/RTDNFR4H/pork-with-blueberry-sauce,335,16.75,13g,20.18,3g,22.38,23g,7.76,18g,20.63,89mg,29.93,269mg,11.72,,,30g,60.38,2683IU,53.68,71µg,68.56,0.15mg,7.56,107mg,130.16,1mg,61.96,0.12mg,6.15,2g,10.55,759mg,21.7,51mg,12.82,336mg,33.68,1mg,8.47,1mg,13.15,0.96mg,63.68,44mg,4.46,47µg,11.77,2mg,13.57,0.33mg,19.18,11mg,57.83,2mg,15.86,44µg,64.0,0.71µg,11.84,0.54µg,3.57,,
17,False,False,False,False,1.0,13,646825,Holiday Cookies,26.2,45,24,https://www.foodista.com/recipe/K88VYRLF/holiday-cookies,184,9.21,9g,14.52,4g,25.51,22g,7.52,9g,11.05,28mg,9.63,64mg,2.79,,,3g,6.01,198IU,3.96,,,0.28mg,13.79,,,0.04mg,1.98,0.11mg,5.26,0.75g,3.01,66mg,1.9,11mg,2.96,59mg,5.94,0.96mg,5.31,0.16mg,1.61,0.14mg,9.41,20mg,2.01,35µg,8.84,0.25mg,1.64,0.11mg,6.24,0.98mg,4.92,0.32mg,2.11,6µg,9.85,,,0.18µg,1.2,,
18,False,False,False,False,28.0,25,632279,Amaretto Cheesecake,1717.98,45,1,http://www.foodista.com/recipe/YL7GWKW2/amaretto-cheesecake,5212,260.65,303g,467.01,163g,1022.39,440g,146.83,364g,405.45,1288mg,429.43,3394mg,147.57,76g,426.11,68g,137.47,11205IU,224.11,24µg,23.65,0.57mg,28.25,2mg,2.58,0.69mg,34.56,0.44mg,22.17,5g,21.92,1748mg,49.97,184mg,46.22,1486mg,148.62,10mg,59.19,6mg,63.94,0.57mg,37.76,1108mg,110.84,202µg,50.72,4mg,30.06,2mg,126.49,6mg,32.89,8mg,56.18,59µg,84.75,3µg,55.83,7µg,48.38,76mg,25.59
19,False,False,False,False,4.0,17,637042,Caramelised Onion and Mushroom Quiche,135.31,45,4,https://www.foodista.com/recipe/S7XHL4C5/caramelised-onion-and-mushroom-quiche,427,21.39,28g,44.17,12g,76.56,29g,9.75,2g,2.82,120mg,40.21,467mg,20.34,,,13g,27.32,563IU,11.26,10µg,10.17,0.34mg,17.1,5mg,6.59,0.2mg,9.98,0.11mg,5.37,2g,8.91,244mg,6.98,27mg,6.82,270mg,27.06,2mg,11.61,0.81mg,8.13,0.19mg,12.4,242mg,24.21,67µg,16.94,1mg,9.17,0.34mg,20.27,1mg,6.77,1mg,12.36,12µg,18.28,0.69µg,11.51,0.6µg,3.98,,
20,False,True,True,False,27.0,19,638257,Chicken Porridge,217.55,45,4,http://www.foodista.com/recipe/S6FN8VYN/chicken-porridge,392,19.61,6g,9.96,1g,11.89,53g,17.81,7g,8.08,57mg,19.0,826mg,35.94,,,27g,55.47,3210IU,64.22,102µg,97.94,0.65mg,32.35,12mg,14.77,0.92mg,45.92,0.33mg,16.33,2g,8.41,815mg,23.3,53mg,13.43,315mg,31.51,2mg,11.18,1mg,16.66,0.22mg,14.43,52mg,5.22,44µg,11.03,0.5mg,3.35,0.38mg,22.23,13mg,68.12,1mg,10.42,37µg,54.14,0.15µg,2.5,,,,
21,True,False,False,False,1.0,7,639644,Classic Vanilla-Orange Sugar Cookies,38.95,45,24,http://www.foodista.com/recipe/MTC5387V/classic-vanilla-orange-sugar-cookies,221,11.08,12g,19.55,7g,48.12,24g,8.09,9g,10.97,42mg,14.04,103mg,4.51,,,2g,5.5,324IU,6.5,1µg,1.26,0.23mg,11.67,1mg,1.24,,,0.13mg,6.73,1g,4.72,70mg,2.01,18mg,4.5,47mg,4.75,1mg,8.68,0.18mg,1.75,0.14mg,9.26,14mg,1.4,33µg,8.43,0.36mg,2.43,0.11mg,6.49,1mg,5.39,0.38mg,2.51,7µg,10.66,0.07µg,1.24,0.27µg,1.81,4mg,1.57
22,True,False,True,True,96.0,11,652417,Moroccan chickpea and lentil stew,126.12,30,3,http://www.foodista.com/recipe/C6DXLHJH/moroccan-chickpea-and-lentil-stew,465,23.28,7g,11.18,0.92g,5.72,82g,27.49,5g,5.62,0.0mg,0.0,759mg,33.02,,,20g,40.1,9187IU,183.75,43µg,41.16,2mg,106.66,35mg,42.58,1mg,51.43,0.58mg,28.94,15g,62.3,873mg,24.96,104mg,26.22,337mg,33.75,5mg,31.45,1mg,17.51,0.27mg,18.24,129mg,12.99,141µg,35.39,2mg,13.34,0.2mg,11.64,3mg,19.01,2mg,16.09,5µg,7.88,,,,,,
23,False,True,True,False,53.0,8,659927,Shrimp and Avocado Salad,514.49,45,4,https://www.foodista.com/recipe/ZTNWCWQP/shrimp-and-avocado-salad,501,25.08,22g,34.66,3g,20.15,45g,15.26,19g,21.51,378mg,126.23,1233mg,53.65,,,36g,72.62,1234IU,24.68,54µg,52.08,2mg,115.97,106mg,129.62,0.62mg,31.2,0.85mg,42.53,12g,48.98,1102mg,31.5,123mg,30.93,424mg,42.47,4mg,27.11,2mg,27.46,0.28mg,18.88,271mg,27.12,175µg,43.95,4mg,30.69,0.29mg,16.8,4mg,23.95,4mg,29.03,72µg,103.57,1µg,18.54,,,,
24,False,True,True,False,27.0,11,634434,Basil Marinated Grilled Chicken,259.49,45,8,https://www.foodista.com/recipe/6FPGHLSQ/basil-marinated-grilled-chicken,285,14.26,8g,13.23,1g,10.36,0.65g,0.22,0.03g,0.04,144mg,48.21,408mg,17.74,,,48g,96.53,384IU,7.69,26µg,25.71,0.13mg,6.41,4mg,5.16,1mg,86.03,0.09mg,4.44,,,859mg,24.57,62mg,15.74,480mg,48.03,1mg,5.93,3mg,32.42,0.15mg,9.98,24mg,2.48,13µg,3.29,0.87mg,5.77,0.23mg,13.66,23mg,118.18,1mg,9.18,72µg,103.64,0.45µg,7.53,0.23µg,1.51,,
25,True,False,False,False,0.0,19,636080,Breakfast Sticky Buns,76.44,45,8,http://www.foodista.com/recipe/BGFWVQDM/breakfast-sticky-buns,123,6.18,6g,9.74,1g,8.77,17g,5.71,15g,17.38,3mg,1.29,33mg,1.48,,,0.78g,1.57,,,,,0.29mg,14.43,,,0.02mg,1.05,0.08mg,4.14,0.6g,2.38,51mg,1.48,9mg,2.31,23mg,2.3,0.28mg,1.58,,,0.04mg,2.88,22mg,2.21,,,0.16mg,1.09,0.02mg,1.01,,,0.31mg,2.04,,,,,,,,
26,False,True,True,True,59.0,6,639891,Coffee-braised Short Ribs,561.62,45,5,http://www.foodista.com/recipe/8ZDDXLKG/coffee-braised-short-ribs,684,34.21,40g,61.58,15g,95.15,13g,4.55,8g,9.1,195mg,65.12,291mg,12.66,,,64g,129.56,1851IU,37.02,14µg,13.46,0.32mg,16.11,49mg,60.13,1mg,77.7,0.31mg,15.62,2g,11.07,1476mg,42.18,93mg,23.47,670mg,67.01,8mg,48.19,1mg,15.19,0.38mg,25.27,76mg,7.6,46µg,11.72,2mg,17.96,0.66mg,38.75,12mg,61.87,16mg,108.02,49µg,70.26,11µg,187.08,,,37mg,12.64
27,False,False,False,False,0.0,6,651389,Medenjaci - Croatian Honey Spice Cookies,21.3,45,45,https://www.foodista.com/recipe/KBVSMBH4/medenjaci-croatian-honey-spice-cookies,140,7.01,5g,8.21,3g,18.87,21g,7.04,8g,9.58,22mg,7.62,72mg,3.16,,,2g,4.85,155IU,3.11,,,0.26mg,13.07,,,0.02mg,1.21,0.05mg,2.26,0.72g,2.89,35mg,1.01,8mg,2.01,31mg,3.18,0.58mg,3.22,0.13mg,1.35,0.07mg,4.86,,,17µg,4.47,0.22mg,1.46,0.06mg,3.5,0.6mg,3.01,0.24mg,1.63,7µg,11.09,,,,,,
28,False,True,False,False,28.0,1254,715523,Chorizo and Beef Quinoa Stuffed Pepper,369.37,30,4,http://www.pinkwhen.com/chorizo-and-beef-quinoa-stuffed-pepper-recipe/,688,34.44,37g,56.97,14g,89.75,32g,10.84,3g,3.71,147mg,49.16,1478mg,64.28,,,51g,102.3,3002IU,60.06,16µg,16.15,0.98mg,49.04,96mg,116.91,0.89mg,44.36,0.36mg,18.08,4g,19.31,821mg,23.46,121mg,30.44,473mg,47.35,7mg,41.22,1mg,13.13,0.25mg,16.4,94mg,9.45,123µg,30.89,2mg,18.12,0.42mg,24.56,7mg,38.44,7mg,50.2,24µg,35.06,2µg,43.31,0.16µg,1.04,,
29,True,True,True,False,13.0,11,663858,Tropical Ice Pops,89.87,45,6,http://www.foodista.com/recipe/KCTN2T42/tropical-ice-pops,97,4.88,3g,4.75,2g,18.13,17g,5.7,13g,15.47,0.0mg,0.0,29mg,1.27,,,0.34g,0.67,309IU,6.19,1µg,1.24,0.48mg,23.84,19mg,24.08,0.06mg,2.79,0.05mg,2.66,0.89g,3.56,95mg,2.71,14mg,3.56,,,,,,,0.03mg,2.11,34mg,3.48,19µg,4.87,0.25mg,1.68,0.17mg,9.72,0.3mg,1.48,0.23mg,1.53,,,0.49µg,8.19,19µg,131.11,,
30,False,True,False,True,100.0,18,636589,Butternut Squash Frittata,340.39,45,1,http://www.foodista.com/recipe/XQXFKGHT/butternut-squash-frittata,468,23.42,3g,6.13,2g,14.13,96g,32.06,23g,26.44,7mg,2.37,347mg,15.11,,,24g,48.85,82547IU,1650.95,12µg,11.82,1mg,81.05,253mg,306.99,1mg,79.26,0.69mg,34.4,16g,66.26,3115mg,89.0,288mg,72.08,423mg,42.38,8mg,46.3,5mg,55.23,0.96mg,64.28,513mg,51.33,260µg,65.01,14mg,93.34,0.81mg,47.42,9mg,49.97,2mg,18.65,56µg,81.4,0.6µg,10.06,2µg,16.16,,
31,False,True,True,False,44.0,7,632590,Apple Roasted Pork Loin,354.48,45,6,https://www.foodista.com/recipe/BVKG5VJM/apple-roasted-pork-loin,889,44.46,67g,104.13,26g,163.96,39g,13.21,34g,38.76,137mg,45.72,201mg,8.74,,,31g,62.7,63IU,1.27,6µg,6.63,0.17mg,8.29,5mg,6.94,0.66mg,33.03,0.16mg,8.14,2g,11.71,658mg,18.82,39mg,9.77,308mg,30.88,3mg,21.31,0.67mg,6.72,0.18mg,11.76,33mg,3.35,13µg,3.42,1mg,8.05,0.29mg,17.11,5mg,27.03,7mg,46.81,39µg,56.94,5µg,87.63,,,,
32,False,False,False,True,68.0,7,635869,Braised Smoky Pork With Fresh Pappardelle,635.51,45,4,https://www.foodista.com/recipe/LDL77G85/braised-smoky-pork-with-fresh-pappardelle,1216,60.85,33g,51.63,9g,59.32,115g,38.4,23g,26.48,310mg,103.54,655mg,28.48,6g,34.33,99g,198.05,7122IU,142.46,56µg,54.22,1mg,74.4,23mg,28.64,3mg,151.22,0.88mg,43.87,9g,36.82,2403mg,68.67,199mg,49.93,1176mg,117.7,8mg,45.99,4mg,47.45,2mg,164.94,160mg,16.03,64µg,16.14,4mg,31.31,1mg,110.33,38mg,192.4,9mg,64.14,179µg,256.92,3µg,56.78,0.34µg,2.27,,
33,False,False,False,False,9.0,13,654835,Pasta e Fagioli (Pasta and Beans),63.85,45,6,https://www.foodista.com/recipe/QF3SKD4Y/pasta-e-fagioli-pasta-and-beans,187,9.36,6g,9.45,1g,8.77,27g,9.02,1g,2.17,2mg,0.94,487mg,21.21,,,8g,16.46,525IU,10.51,17µg,16.35,0.27mg,13.54,5mg,7.09,0.08mg,4.09,0.1mg,5.21,4g,18.7,143mg,4.09,18mg,4.5,74mg,7.46,2mg,11.47,0.15mg,1.46,0.04mg,2.36,109mg,10.93,10µg,2.61,1mg,6.66,0.04mg,2.2,0.55mg,2.77,0.47mg,3.16,12µg,17.51,,,,,,
34,True,True,True,True,71.0,44,640062,Corn Avocado Salsa,130.73,25,2,http://www.foodista.com/recipe/BDRS2JZG/corn-avocado-salsa,238,11.94,15g,23.9,2g,13.97,26g,8.76,2g,2.58,0.0mg,0.0,13mg,0.6,,,4g,9.24,1093IU,21.87,22µg,21.56,0.34mg,16.77,53mg,64.29,0.48mg,23.92,0.24mg,12.07,9g,36.91,758mg,21.68,56mg,14.21,121mg,12.16,1mg,10.05,1mg,16.8,0.16mg,10.43,29mg,2.93,119µg,30.0,2mg,17.23,0.22mg,12.67,3mg,15.67,1mg,8.12,1µg,1.7,,,,,,
35,False,False,False,False,17.0,13,639629,Classic Macaroni and Cheese,150.88,45,6,http://www.foodista.com/recipe/RL6K6X3J/classic-macaroni-and-cheese,944,47.23,54g,83.59,33g,208.51,77g,25.86,10g,11.93,162mg,54.08,940mg,40.89,,,35g,71.96,1829IU,36.58,5µg,5.09,0.84mg,42.22,,,0.24mg,12.08,0.32mg,15.78,3g,12.27,491mg,14.05,83mg,20.98,696mg,69.69,2mg,13.04,1mg,13.6,0.31mg,20.68,766mg,76.67,59µg,14.92,1mg,7.43,0.69mg,40.5,2mg,12.75,4mg,28.15,69µg,98.58,1µg,23.52,2µg,19.05,,
36,True,True,False,False,27.0,11132,716423,Grilled Zucchini with Goat Cheese and Balsamic-Honey Syrup,254.98,45,2,http://fullbellysisters.blogspot.com/2012/04/grilled-zucchini-with-goat-cheese-and.html,294,14.72,13g,21.27,4g,31.18,35g,11.71,31g,35.42,13mg,4.35,327mg,14.23,,,8g,17.26,3017IU,60.35,12µg,11.99,0.53mg,26.58,130mg,157.97,0.61mg,30.61,0.34mg,17.14,3g,14.27,734mg,20.99,54mg,13.57,175mg,17.53,1mg,11.0,0.84mg,8.43,0.15mg,9.88,89mg,8.91,85µg,21.28,3mg,23.2,0.36mg,21.37,1mg,8.8,1mg,7.7,1µg,2.04,,,,,,
37,False,False,False,False,4.0,20,665182,White Chocolate Macadamia Banana Bread,105.3,45,8,https://www.foodista.com/recipe/2SRKJZC6/white-chocolate-macadamia-banana-bread,523,26.19,24g,38.24,10g,64.96,69g,23.11,40g,45.17,79mg,26.65,439mg,19.12,,,8g,17.49,369IU,7.39,2µg,2.38,0.83mg,41.25,2mg,3.58,0.21mg,10.29,0.19mg,9.65,2g,11.08,306mg,8.76,37mg,9.35,151mg,15.17,2mg,12.92,0.81mg,8.12,0.43mg,28.73,90mg,9.01,75µg,18.99,0.64mg,4.25,0.36mg,20.95,2mg,12.64,0.85mg,5.7,17µg,25.06,0.4µg,6.62,0.53µg,3.54,,
38,True,False,False,False,1.0,7,631785,"Impossible"" Coconut Pie",73.25,45,10,https://www.foodista.com/recipe/CBTKCKX4/impossible-coconut-pie,238,11.94,15g,24.01,11g,71.88,23g,7.78,15g,16.89,65mg,21.74,77mg,3.38,,,3g,6.93,298IU,5.97,,,0.37mg,18.67,16mg,20.11,0.07mg,3.31,0.13mg,6.26,1g,6.66,151mg,4.33,20mg,5.2,71mg,7.1,1mg,8.31,0.38mg,3.75,0.09mg,5.89,23mg,2.36,29µg,7.39,0.37mg,2.46,0.12mg,6.79,0.68mg,3.42,0.48mg,3.21,7µg,11.06,0.13µg,2.17,0.38µg,2.51,,
39,False,False,False,False,1.0,110,637625,Cheesecake with cranberries,140.42,45,10,http://www.foodista.com/recipe/CYZ254BN/cheesecake-with-cranberries,540,27.05,44g,67.92,24g,150.88,32g,10.74,16g,18.5,145mg,48.34,465mg,20.25,,,5g,11.91,1362IU,27.26,6µg,6.64,0.26mg,13.23,3mg,3.93,0.08mg,3.76,0.07mg,3.68,1g,6.3,151mg,4.33,13mg,3.41,120mg,12.08,1mg,6.31,0.62mg,6.17,0.11mg,7.03,86mg,8.66,28µg,7.2,1mg,7.92,0.22mg,13.11,0.97mg,4.83,0.59mg,3.95,6µg,9.14,0.3µg,5.0,0.88µg,5.87,,
40,False,True,True,False,32.0,32,655890,Philly Cheesesteak Grilled Wraps,355.3,45,4,https://www.foodista.com/recipe/CD7ZB5SK/philly-cheesesteak-grilled-wraps,411,20.59,22g,34.63,10g,65.87,25g,8.6,7g,8.1,69mg,23.12,399mg,17.39,,,27g,54.62,1881IU,37.63,8µg,7.92,0.32mg,15.84,80mg,97.05,0.77mg,38.41,0.27mg,13.65,3g,13.68,709mg,20.28,42mg,10.66,297mg,29.78,3mg,19.19,0.79mg,7.88,0.33mg,22.02,58mg,5.82,90µg,22.52,1mg,7.85,0.43mg,25.39,9mg,45.86,6mg,42.84,43µg,61.54,1µg,31.72,0.24µg,1.61,,
41,True,True,False,False,0.0,9,639492,Cinnamon Twists,23.61,45,14,http://www.foodista.com/recipe/MM3F6P6J/cinnamon-twists,192,9.64,14g,22.08,8g,55.35,15g,5.13,15g,16.86,59mg,20.0,215mg,9.38,,,1g,3.36,467IU,9.35,1µg,1.15,,,,,0.02mg,1.25,,,,,40mg,1.16,,,34mg,3.42,,,0.25mg,2.47,0.07mg,4.42,27mg,2.75,16µg,4.0,0.45mg,3.03,0.09mg,5.08,0.23mg,1.14,0.2mg,1.34,2µg,4.09,0.16µg,2.7,0.6µg,3.97,,
42,True,False,False,False,26.0,12,644681,Gingerbread Christmas Tree Cookies,207.62,45,1,https://www.foodista.com/recipe/CD44DQH5/gingerbread-christmas-tree-cookies,1654,82.7,37g,57.61,22g,140.27,302g,100.99,105g,117.48,92mg,30.67,637mg,27.73,,,28g,57.68,1106IU,22.13,4µg,4.35,3mg,173.97,,,0.2mg,10.02,0.46mg,23.05,9g,36.05,789mg,22.55,81mg,20.31,516mg,51.62,13mg,75.02,1mg,15.12,2mg,133.21,319mg,31.99,464µg,116.15,1mg,7.87,1mg,80.65,15mg,76.75,2mg,15.52,90µg,129.52,0.34µg,5.63,1µg,9.2,,
43,False,True,False,True,73.0,126,729366,Plantain Salad,494.53,45,1,http://www.afrolems.com/2016/04/07/plantain-salad/,588,29.41,18g,27.82,12g,80.05,103g,34.42,52g,58.47,48mg,16.25,304mg,13.24,,,17g,35.93,9694IU,193.89,165µg,157.72,1mg,70.23,398mg,483.62,1mg,81.5,0.66mg,33.1,18g,73.72,2848mg,81.38,174mg,43.71,376mg,37.61,5mg,31.02,1mg,17.71,0.55mg,36.94,251mg,25.14,311µg,78.0,4mg,32.35,0.43mg,25.37,5mg,27.36,2mg,16.89,13µg,19.46,0.19µg,3.22,,,,
44,False,True,True,False,11.0,336,716296,Peri Peri Chicken and Savoury Rice,143.05,45,6,http://www.afrolems.com/2013/07/30/peri-peri-chicken-savoury-rice/,520,26.04,41g,64.46,21g,134.63,7g,2.39,2g,2.46,115mg,38.53,890mg,38.71,,,29g,59.75,2101IU,42.02,16µg,15.45,0.25mg,12.64,47mg,57.36,0.73mg,36.64,0.13mg,6.63,2g,10.06,469mg,13.41,44mg,11.2,253mg,25.32,2mg,14.24,1mg,16.04,0.13mg,8.88,52mg,5.23,26µg,6.6,2mg,16.18,0.25mg,14.69,11mg,55.34,2mg,15.17,23µg,32.86,0.48µg,7.96,0.31µg,2.06,,
45,True,True,True,False,15.0,15,632819,Asian Chickpea Lettuce Wraps,32.49,45,6,https://www.foodista.com/recipe/88WZSMJ6/asian-chickpea-lettuce-wraps,58,2.92,2g,4.19,0.37g,2.29,7g,2.53,4g,5.0,0.0mg,0.0,243mg,10.6,,,1g,2.37,2680IU,53.61,39µg,37.18,0.17mg,8.71,1mg,2.35,0.09mg,4.52,0.05mg,2.59,1g,5.59,129mg,3.69,10mg,2.65,24mg,2.42,0.65mg,3.62,,,0.03mg,2.01,21mg,2.13,42µg,10.68,0.63mg,4.2,0.03mg,2.05,0.34mg,1.68,0.19mg,1.26,,,,,,,,
46,True,False,False,False,1.0,186,1005367,Shortbread Lemon Bars,36.23,70,9,https://pickfreshfoods.com/shortbread-lemon-bars/,247,12.4,9g,14.29,5g,33.63,38g,12.87,27g,30.27,75mg,25.05,89mg,3.89,,,3g,7.16,326IU,6.53,,,0.1mg,5.11,5mg,7.05,0.04mg,2.01,0.04mg,1.85,0.46g,1.85,60mg,1.72,6mg,1.61,52mg,5.22,0.93mg,5.18,0.33mg,3.33,0.12mg,7.99,20mg,2.05,35µg,8.9,0.4mg,2.69,0.16mg,9.15,0.85mg,4.27,0.33mg,2.18,9µg,13.78,0.17µg,2.84,0.5µg,3.3,,
47,False,True,False,False,9.0,67,641794,Easter Bunny's Vegan Ambrosia Salad,206.1,45,4,https://www.foodista.com/recipe/8FXJDNZ3/easter-bunny-s-vegan-ambrosia-salad,805,40.26,60g,93.83,29g,181.73,65g,21.96,40g,44.67,116mg,38.84,212mg,9.24,,,7g,14.05,1389IU,27.79,3µg,3.74,1mg,90.59,45mg,54.67,0.16mg,7.97,0.5mg,24.85,5g,23.58,365mg,10.43,52mg,13.16,156mg,15.69,1mg,7.8,0.69mg,6.93,0.27mg,17.83,100mg,10.04,35µg,8.85,1mg,9.24,0.16mg,9.52,0.8mg,3.98,1mg,10.91,4µg,6.28,0.15µg,2.55,0.6µg,3.97,,
48,False,True,False,False,5.0,27,642096,Easy Shrimp Scampi,306.85,45,4,http://www.foodista.com/recipe/PVM55SR7/shrimp-scampi,278,13.94,16g,25.32,7g,49.37,3g,1.0,0.55g,0.61,315mg,105.29,1275mg,55.45,3g,17.17,23g,47.36,519IU,10.4,36µg,34.56,0.58mg,29.01,11mg,14.08,0.09mg,4.4,0.32mg,15.89,,,153mg,4.4,43mg,10.87,238mg,23.87,2mg,15.22,0.24mg,2.35,0.02mg,1.52,182mg,18.26,15µg,3.91,2mg,14.04,0.03mg,2.03,0.74mg,3.69,2mg,15.67,54µg,78.13,0.86µg,14.38,0.21µg,1.4,,
49,False,True,False,False,17.0,8,651326,Meat rolls with prosciutto and sage,441.82,45,4,https://www.foodista.com/recipe/ZFFJCY6F/meat-rolls-with-prosciutto-and-sage,477,23.89,30g,46.68,11g,69.33,4g,1.64,1g,1.52,121mg,40.59,299mg,13.03,5g,28.61,35g,71.61,811IU,16.23,22µg,21.85,0.23mg,11.29,23mg,28.9,1mg,53.96,0.26mg,13.2,1g,5.78,668mg,19.11,50mg,12.53,358mg,35.83,3mg,19.9,1mg,11.96,0.19mg,12.96,79mg,8.0,34µg,8.66,2mg,16.37,0.23mg,13.62,10mg,53.5,6mg,41.47,49µg,70.77,1µg,25.03,0.21µg,1.38,,
50,True,False,False,False,3.0,1148,715477,The BEST Lemon Bars,92.08,45,6,https://www.pinkwhen.com/the-best-lemon-bars-recipe/,672,33.6,29g,44.8,17g,109.45,97g,32.48,65g,73.29,163mg,54.42,268mg,11.69,,,7g,15.26,946IU,18.94,2µg,2.35,0.29mg,14.26,4mg,6.03,0.07mg,3.37,0.08mg,4.13,1g,4.49,100mg,2.86,13mg,3.32,101mg,10.2,2mg,13.08,0.61mg,6.14,0.33mg,22.01,29mg,2.93,88µg,22.22,1mg,7.06,0.34mg,19.93,2mg,12.08,0.65mg,4.32,22µg,31.53,0.28µg,4.65,0.99µg,6.6,,
51,False,False,False,False,4.0,3413,715469,White Chocolate Christmas Holiday Pretzels and Santa’s Snack Mix,154.52,45,9,http://www.pinkwhen.com/white-chocolate-christmas-holiday-pretzels-and-santas-snack-mix/,667,33.37,28g,43.45,9g,62.3,98g,32.98,71g,79.97,27mg,9.04,341mg,14.83,,,11g,23.41,339IU,6.79,1µg,1.31,1mg,56.75,,,0.14mg,6.84,0.35mg,17.54,5g,20.18,303mg,8.66,80mg,20.23,184mg,18.41,2mg,14.06,0.7mg,6.98,0.34mg,22.46,45mg,4.58,114µg,28.62,0.38mg,2.55,0.12mg,7.07,6mg,31.57,1mg,9.23,3µg,5.61,,,0.19µg,1.26,,
52,False,True,False,False,1.0,25,661447,Square Deviled Eggs,8.89,45,6,https://www.foodista.com/recipe/2Y8X7NKY/square-deviled-eggs,45,2.27,3g,4.82,1g,6.93,0.06g,0.02,0.03g,0.04,36mg,12.08,179mg,7.79,,,3g,7.97,,,,,,,,,0.07mg,3.32,,,,,50mg,1.45,,,45mg,4.5,0.25mg,1.4,0.18mg,1.78,0.09mg,5.87,,,,,,,0.07mg,3.83,0.64mg,3.19,0.42mg,2.83,5µg,7.82,0.16µg,2.61,0.25µg,1.65,,
53,False,False,False,False,1.0,9,1045245,How to make the perfect Chocolate Chip Eggnog Bars,60.46,45,9,https://www.pinkwhen.com/chocolate-chip-eggnog-bars/,281,14.08,20g,31.16,10g,68.4,22g,7.45,15g,17.75,64mg,21.35,166mg,7.25,,,3g,7.67,540IU,10.82,5µg,5.08,0.21mg,10.32,,,0.02mg,1.17,0.15mg,7.66,1g,4.02,127mg,3.65,24mg,6.02,79mg,7.95,2mg,11.28,0.32mg,3.25,0.04mg,2.46,46mg,4.6,17µg,4.33,0.74mg,4.95,0.09mg,5.56,0.48mg,2.41,0.55mg,3.69,3µg,5.37,0.16µg,2.68,0.43µg,2.86,7mg,2.6
54,False,True,False,False,38.0,21,715567,Beef Fajita Marinade,957.9,45,2,http://www.pinkwhen.com/beef-fajita-marinade-recipe/,751,37.59,46g,72.02,16g,102.98,3g,1.16,0.58g,0.65,214mg,71.44,607mg,26.43,,,80g,161.15,450IU,9.01,15µg,14.99,0.36mg,17.96,6mg,7.72,1mg,77.62,0.31mg,15.56,0.71g,2.85,1053mg,30.1,79mg,19.76,535mg,53.53,6mg,35.47,2mg,20.29,0.22mg,14.55,333mg,33.37,12µg,3.13,2mg,19.41,1mg,65.16,19mg,97.57,22mg,146.78,75µg,107.96,7µg,120.77,0.34µg,2.27,,
55,False,False,True,False,1.0,14,636768,Cake with wine and olive oil,58.83,45,10,https://www.foodista.com/recipe/8S2CHHYJ/cake-with-wine-and-olive-oil,294,14.7,12g,18.63,2g,12.63,40g,13.66,25g,28.16,68mg,22.88,25mg,1.09,1g,5.72,4g,8.88,98IU,1.97,6µg,5.88,0.18mg,8.9,5mg,7.04,0.05mg,2.48,0.05mg,2.61,0.55g,2.21,64mg,1.84,8mg,2.16,56mg,5.62,0.57mg,3.17,0.38mg,3.81,0.04mg,2.64,14mg,1.49,20µg,5.22,1mg,11.48,0.09mg,5.55,0.28mg,1.37,0.41mg,2.74,13µg,18.83,0.15µg,2.54,0.36µg,2.41,,
56,True,True,True,False,17.0,9,651729,Grilled Lemon Garlic Artichokes,114.8,45,4,http://www.foodista.com/recipe/NKHWF2Y4/grilled-lemon-garlic-artichokes,207,10.37,18g,28.03,2g,15.81,11g,3.88,1g,1.72,0.0mg,0.0,271mg,11.79,,,3g,6.1,53IU,1.07,25µg,23.88,0.25mg,12.48,26mg,31.94,0.13mg,6.43,0.21mg,10.25,5g,21.46,346mg,9.9,51mg,12.99,79mg,7.91,1mg,7.7,0.34mg,3.37,0.07mg,4.79,48mg,4.84,58µg,14.68,2mg,18.58,0.06mg,3.67,0.89mg,4.47,0.43mg,2.9,,,,,,,,
57,False,True,False,False,38.0,9912,715421,Cheesy Chicken Enchilada Quinoa Casserole,262.25,30,4,http://www.pinkwhen.com/cheesy-chicken-enchilada-quinoa-casserole/,594,29.7,23g,36.56,9g,56.51,68g,22.68,14g,16.18,62mg,20.77,1709mg,74.33,,,34g,68.46,1678IU,33.57,31µg,29.64,1mg,51.33,25mg,30.8,0.76mg,37.82,0.61mg,30.51,17g,70.93,1306mg,37.32,146mg,36.7,582mg,58.26,5mg,31.05,2mg,24.4,0.43mg,28.72,374mg,37.41,170µg,42.54,2mg,18.23,0.54mg,31.81,7mg,37.81,4mg,27.56,22µg,31.74,1µg,22.22,0.25µg,1.68,,
58,False,False,False,False,18.0,146,632928,Asparagus Eggs Benedict,245.71,30,2,http://www.foodista.com/recipe/SZT38TKR/asparagus-eggs-benedict,798,39.94,58g,90.39,28g,180.86,30g,10.24,1g,2.05,814mg,271.53,1664mg,72.37,,,36g,72.71,2375IU,47.51,26µg,25.52,0.35mg,17.47,6mg,7.48,0.58mg,28.84,0.33mg,16.5,2g,11.06,551mg,15.76,46mg,11.68,558mg,55.89,4mg,27.27,3mg,32.18,0.61mg,40.99,153mg,15.34,145µg,36.37,3mg,23.97,0.96mg,56.4,4mg,20.32,4mg,27.29,63µg,90.72,1µg,32.53,4µg,30.7,,
59,True,False,False,False,2.0,16,632103,Almond Butter Slices,48.31,45,16,http://www.foodista.com/recipe/BVWV7SDX/almond-butter-slices,299,14.99,15g,23.85,4g,30.32,36g,12.28,21g,23.36,17mg,5.85,136mg,5.95,,,4g,9.69,207IU,4.15,,,0.28mg,13.8,,,0.02mg,1.01,0.09mg,4.64,1g,5.16,171mg,4.89,22mg,5.52,123mg,12.32,1mg,6.63,0.15mg,1.48,0.16mg,10.95,70mg,7.07,38µg,9.51,3mg,25.03,0.18mg,10.31,1mg,6.64,0.37mg,2.45,6µg,9.99,,,0.22µg,1.44,,
60,True,False,False,False,17.0,19,661758,Strawberry Banana Stuffed Pancakes,117.94,30,2,http://www.foodista.com/recipe/VJPXSCC7/strawberry-banana-stuffed-pancakes,173,8.7,1g,1.55,0.18g,1.15,32g,10.78,12g,13.57,1mg,0.66,532mg,23.17,0.34g,1.91,10g,21.48,,,1µg,1.87,1mg,57.8,38mg,46.72,0.27mg,13.69,0.15mg,7.74,4g,17.26,404mg,11.56,53mg,13.27,151mg,15.18,1mg,6.22,0.51mg,5.09,0.14mg,9.12,64mg,6.4,34µg,8.67,0.36mg,2.38,0.32mg,18.61,1mg,7.95,0.88mg,5.84,22µg,32.6,0.32µg,5.38,,,,
61,False,True,True,False,9.0,14,661557,Steamed Clams In Wine and Chorizo,305.14,45,2,http://www.foodista.com/recipe/3HYW2ZYH/steamed-clams-in-wine-and-chorizo,461,23.09,28g,43.32,7g,44.89,13g,4.53,3g,3.35,57mg,19.31,1428mg,62.12,9g,51.5,21g,42.84,561IU,11.24,10µg,9.93,0.34mg,16.81,96mg,116.44,0.22mg,10.89,0.13mg,6.31,1g,5.58,294mg,8.42,36mg,9.14,196mg,19.62,3mg,18.51,0.31mg,3.08,0.06mg,3.94,62mg,6.23,27µg,6.87,2mg,17.05,0.07mg,4.32,0.9mg,4.5,0.7mg,4.7,23µg,33.83,8µg,141.0,,,,
62,False,False,False,False,22.0,181,641893,Easy Cheesy Pizza Casserole,300.67,45,6,https://www.foodista.com/recipe/ZTHZWCWF/easy-cheesy-pizza-casserole,704,35.24,41g,63.47,19g,119.57,44g,14.97,17g,19.21,115mg,38.4,2465mg,107.21,,,39g,78.78,1652IU,33.05,15µg,14.55,0.45mg,22.52,16mg,20.25,0.57mg,28.33,0.42mg,20.89,4g,18.56,1179mg,33.7,85mg,21.27,791mg,79.11,5mg,31.58,1mg,18.3,0.38mg,25.57,652mg,65.28,96µg,24.25,3mg,26.45,0.74mg,43.75,7mg,38.57,6mg,40.76,30µg,43.66,3µg,52.99,0.75µg,4.99,,
63,True,False,False,False,5.0,27,637222,Carrot Quinoa Muffins,71.8,45,12,http://www.foodista.com/recipe/LXQSTRQW/carrot-quinoa-muffins,293,14.68,18g,28.64,12g,80.59,28g,9.38,11g,12.58,27mg,9.23,233mg,10.15,,,6g,12.05,2270IU,45.41,2µg,2.05,0.94mg,46.76,1mg,1.46,0.13mg,6.57,0.24mg,12.24,3g,12.12,236mg,6.75,49mg,12.28,135mg,13.51,2mg,13.17,0.34mg,3.36,0.11mg,7.54,43mg,4.32,30µg,7.66,0.37mg,2.45,0.12mg,6.85,1mg,5.14,0.92mg,6.15,9µg,13.89,0.13µg,2.13,,,,
64,False,True,False,False,6.0,30,715574,Homemade Strawberry Shake,68.89,45,6,http://www.pinkwhen.com/homemade-strawberry-shake/,177,8.89,8g,13.58,5g,32.86,20g,6.78,17g,19.98,32mg,10.78,79mg,3.45,,,4g,9.58,368IU,7.37,1µg,1.33,0.18mg,9.07,26mg,32.47,0.08mg,3.84,0.05mg,2.73,1g,5.14,285mg,8.16,21mg,5.42,136mg,13.69,0.26mg,1.44,0.68mg,6.79,0.07mg,4.72,169mg,16.95,17µg,4.4,0.35mg,2.35,0.28mg,16.43,0.31mg,1.55,0.74mg,4.96,4µg,5.97,0.58µg,9.68,1µg,7.78,,
65,True,True,False,False,36.0,8,645696,Grilled Eggplant and Heirloom Tomato Stacks With Basil and Tomato Coulis,287.87,45,5,http://www.foodista.com/recipe/WXQZBFHK/grilled-eggplant-and-heirloom-tomato-stacks-with-basil-and-tomato-coulis,261,13.06,17g,26.46,8g,52.11,15g,5.25,10g,11.68,26mg,8.69,432mg,18.82,,,12g,25.89,4077IU,81.54,27µg,25.95,0.53mg,26.34,116mg,141.58,0.53mg,26.66,0.51mg,25.51,6g,24.12,722mg,20.63,47mg,11.86,230mg,23.09,1mg,10.52,0.95mg,9.55,0.16mg,10.88,147mg,14.77,82µg,20.53,3mg,20.78,0.32mg,18.62,2mg,11.86,1mg,7.57,2µg,3.48,0.14µg,2.37,0.21µg,1.38,,
66,False,True,True,False,7.0,9,639672,Coastal Avocado Salad with Grapes and Shrimp,291.31,45,4,https://www.foodista.com/recipe/X6KNL2R7/summertime-is-salad-time-with-coastal-salad-with-grapes-and-shrimp,230,11.55,8g,13.43,1g,8.23,11g,3.99,7g,7.93,288mg,96.23,1085mg,47.2,0.77g,4.29,24g,48.76,146IU,2.94,33µg,31.85,0.62mg,31.24,7mg,9.41,0.12mg,6.16,0.47mg,23.47,1g,6.81,265mg,7.58,53mg,13.26,256mg,25.7,3mg,18.19,0.3mg,2.97,0.06mg,4.14,200mg,20.07,23µg,5.96,1mg,11.91,0.07mg,4.15,0.99mg,4.94,2mg,17.25,55µg,79.38,0.85µg,14.13,,,,
67,False,False,False,False,0.0,9,649808,Lemon Thumbprint Cookies,13.51,45,42,http://www.foodista.com/recipe/BL5RPRW3/lemon-thumbprint-cookies,74,3.73,2g,4.1,1g,9.58,11g,3.8,5g,6.28,22mg,7.65,59mg,2.58,,,1g,2.4,75IU,1.51,,,0.05mg,2.59,,,,,,,,,,,,,15mg,1.53,0.4mg,2.2,,,0.06mg,4.11,,,16µg,4.07,,,0.05mg,2.77,0.44mg,2.21,,,3µg,5.03,,,,,,
68,False,True,False,False,8.0,1248,715515,Southern Style Green Bean,237.37,40,2,http://www.pinkwhen.com/southern-style-green-bean-recipe/,524,26.2,36g,55.94,19g,118.75,42g,14.09,5g,6.23,82mg,27.51,1018mg,44.28,,,9g,19.66,1129IU,22.6,15µg,14.59,0.49mg,24.44,48mg,58.78,0.79mg,39.34,0.28mg,13.93,6g,26.42,1060mg,30.31,67mg,16.9,198mg,19.85,2mg,13.15,0.96mg,9.63,0.31mg,20.88,66mg,6.6,59µg,14.94,1mg,7.02,0.17mg,10.02,3mg,18.96,1mg,7.96,8µg,11.55,0.21µg,3.55,0.56µg,3.7,,
69,False,False,True,False,1.0,18,642178,Egg and Dairy Free Pancakes,7.5,45,12,https://www.foodista.com/recipe/DL8G33VY/egg-and-dairy-free-pancakes,68,3.42,3g,4.8,0.23g,1.46,9g,3.03,1g,1.19,0.0mg,0.0,102mg,4.46,,,1g,2.92,,,1µg,1.72,0.26mg,13.1,,,0.03mg,1.34,0.04mg,1.93,0.98g,3.93,72mg,2.08,11mg,2.87,57mg,5.76,0.51mg,2.81,,,0.08mg,5.34,47mg,4.78,12µg,3.12,0.45mg,2.99,0.04mg,2.09,0.58mg,2.91,0.21mg,1.38,5µg,7.26,,,,,,
70,False,False,False,False,7.0,832,715511,Antipasto Squares,321.92,45,6,http://www.pinkwhen.com/antipasto-squares/,737,36.85,51g,79.03,22g,140.03,42g,14.03,9g,11.01,160mg,53.49,2775mg,120.67,,,29g,59.98,757IU,15.15,2µg,2.25,0.25mg,12.49,26mg,32.12,0.41mg,20.65,0.17mg,8.63,0.72g,2.89,336mg,9.61,34mg,8.61,390mg,39.06,2mg,16.21,1mg,10.54,0.4mg,26.41,366mg,36.62,24µg,6.13,0.42mg,2.81,0.41mg,23.92,3mg,15.81,3mg,23.97,29µg,41.97,2µg,35.17,0.81µg,5.41,,
71,True,True,True,True,74.0,15,632140,Almond Horns,3207.12,45,1,http://www.foodista.com/recipe/Z8CYT36R/almond-horns,7266,363.35,525g,808.51,39g,247.09,492g,164.3,351g,391.01,0.0mg,0.0,495mg,21.54,13g,74.53,233g,467.29,70IU,1.4,,,18mg,923.58,,,1mg,58.46,10mg,518.02,99g,396.0,6947mg,198.49,2704mg,676.12,4839mg,483.93,33mg,184.12,3mg,34.96,1mg,128.1,2379mg,237.99,497µg,124.3,237mg,1583.33,7mg,470.25,35mg,176.77,29mg,198.85,69µg,99.71,0.16µg,2.7,,,,
72,True,True,True,True,93.0,19,644387,Garlicky Kale,69.09,45,2,http://www.foodista.com/recipe/J2FTJBF7/garlicky-kale,178,8.95,14g,22.48,1g,12.46,10g,3.42,3g,4.0,0.0mg,0.0,30mg,1.34,,,3g,5.99,6493IU,129.87,466µg,444.36,0.48mg,24.24,78mg,95.11,0.19mg,9.73,0.99mg,49.25,,,352mg,10.06,33mg,8.45,66mg,6.67,1mg,6.85,,,0.07mg,4.97,106mg,10.68,20µg,5.05,2mg,13.4,0.09mg,5.07,0.66mg,3.3,0.4mg,2.67,0.8µg,1.14,,,,,,
73,False,False,False,False,0.0,11,639031,Chocolate Fudge Cookies,34.48,20,24,http://www.foodista.com/recipe/GZJMLM5F/chocolate-fudge-cookies,165,8.28,9g,14.28,3g,24.78,19g,6.5,10g,11.66,20mg,6.97,151mg,6.58,,,2g,4.46,175IU,3.52,2µg,2.09,0.14mg,7.15,,,,,0.02mg,1.08,0.47g,1.89,,,7mg,1.83,25mg,2.59,0.95mg,5.26,,,0.02mg,1.25,19mg,1.99,,,0.71mg,4.73,0.02mg,1.27,0.22mg,1.12,0.2mg,1.34,1µg,2.53,,,0.16µg,1.1,,
74,False,True,True,True,100.0,6,658579,"Roasted Endive Salad With Prosciutto, Figs and Pistachios",363.51,45,4,https://www.foodista.com/recipe/YGDYNYBG/roasted-endive-salad-with-prosciutto-figs-and-pistachios,494,24.72,23g,36.56,3g,22.67,68g,22.71,38g,42.35,2mg,0.88,179mg,7.83,,,13g,26.7,14696IU,293.93,1573µg,1498.27,3mg,161.34,45mg,54.9,0.45mg,22.58,0.98mg,49.22,26g,104.81,2549mg,72.84,146mg,36.52,295mg,29.59,7mg,39.68,6mg,63.53,0.72mg,47.76,429mg,42.91,970µg,242.53,5mg,36.06,0.57mg,33.69,3mg,16.58,5mg,39.8,3µg,5.18,,,,,,
75,False,True,False,True,57.0,39,716361,"Stir Fried Quinoa, Brown Rice and Chicken Breast",365.25,45,1,http://www.afrolems.com/2014/06/26/stir-fried-quinoa-brown-rice-and-chicken-breast/,739,36.95,18g,29.18,9g,56.4,83g,27.77,4g,4.79,160mg,53.59,348mg,15.15,,,57g,114.91,1544IU,30.9,52µg,50.46,4mg,206.81,45mg,55.16,2mg,122.13,0.53mg,26.27,5g,22.18,1507mg,43.07,222mg,55.71,784mg,78.44,4mg,24.26,4mg,48.72,0.62mg,41.17,111mg,11.16,59µg,14.92,1mg,11.03,0.33mg,19.24,28mg,143.54,3mg,24.55,73µg,105.58,0.46µg,7.75,0.34µg,2.26,,
76,False,False,False,False,1.0,55,641651,Dried Fruit and Ginger Scones,49.55,45,8,http://www.foodista.com/recipe/6B2W4D67/dried-fruit-and-ginger-scones,274,13.71,11g,17.19,6g,42.3,39g,13.2,14g,16.14,31mg,10.52,226mg,9.85,,,4g,8.93,368IU,7.37,1µg,1.19,0.25mg,12.66,,,0.03mg,1.39,0.07mg,3.31,1g,5.12,237mg,6.78,11mg,2.88,162mg,16.24,1mg,6.0,0.27mg,2.66,0.15mg,9.87,104mg,10.4,35µg,8.86,0.43mg,2.85,0.14mg,8.31,1mg,5.84,0.37mg,2.5,12µg,17.9,0.13µg,2.19,0.48µg,3.22,,
77,False,False,False,False,1.0,42,631755,Peppermint Hot Chocolate Cupcakes,56.17,45,24,http://www.foodista.com/recipe/QHL47KFG/peppermint-hot-chocolate-cupcakes,374,18.74,15g,23.64,10g,63.35,59g,19.92,46g,51.82,33mg,11.01,212mg,9.23,,,3g,6.31,241IU,4.83,2µg,2.36,0.33mg,16.42,,,0.02mg,1.16,0.28mg,13.75,2g,8.73,156mg,4.49,38mg,9.7,87mg,8.74,1mg,8.87,0.22mg,2.18,0.08mg,5.56,35mg,3.54,19µg,4.97,0.45mg,3.03,0.11mg,6.71,0.71mg,3.53,0.67mg,4.45,6µg,8.7,0.12µg,1.98,0.33µg,2.2,20mg,6.77
78,False,True,False,False,28.0,73,716427,Roasted Butterflied Chicken w. Onions & Carrots,288.2,45,4,http://fullbellysisters.blogspot.com/2014/04/roasted-butterflied-chicken-w-onions.html,674,33.75,48g,74.24,18g,117.35,16g,5.57,8g,9.47,201mg,67.23,396mg,17.25,,,42g,85.23,13387IU,267.75,41µg,39.34,0.41mg,20.29,107mg,129.96,1mg,57.07,0.18mg,9.02,4g,19.39,866mg,24.74,68mg,17.24,380mg,38.08,4mg,24.68,2mg,24.6,0.25mg,16.41,91mg,9.14,74µg,18.51,2mg,15.84,0.38mg,22.5,16mg,81.52,3mg,22.52,31µg,45.48,0.67µg,11.25,0.44µg,2.9,,
79,False,True,True,True,81.0,28,633921,Balsamic & Honey Glazed Salmon with Lemony Asparagus,448.27,60,2,http://www.foodista.com/recipe/CK5NCLGT/balsamic-honey-glazed-salmon-with-lemony-asparagus,301,15.06,14g,22.23,1g,11.59,18g,6.15,12g,14.16,62mg,20.79,310mg,13.49,,,25g,50.35,829IU,16.59,48µg,46.27,0.35mg,17.36,22mg,27.39,1mg,54.79,0.5mg,24.89,2g,10.93,834mg,23.85,53mg,13.25,290mg,29.08,3mg,21.49,2mg,22.33,0.41mg,27.63,65mg,6.51,86µg,21.59,3mg,21.3,0.58mg,34.37,9mg,49.81,1mg,9.25,44µg,63.44,3µg,60.1,,,,
80,True,False,False,False,2.0,36,716367,Vanilla Pound Cake,71.63,75,10,http://www.afrolems.com/2013/08/06/pound-cake-nigerian-cake/,346,17.32,16g,24.89,9g,58.12,41g,13.75,21g,24.35,140mg,46.91,284mg,12.36,1g,7.45,7g,14.36,563IU,11.28,1µg,1.26,0.19mg,9.7,,,0.07mg,3.48,0.07mg,3.26,0.7g,2.82,155mg,4.46,12mg,3.23,139mg,13.93,1mg,9.58,0.66mg,6.64,0.22mg,14.52,72mg,7.29,61µg,15.35,0.69mg,4.59,0.31mg,17.94,1mg,7.71,0.71mg,4.72,18µg,25.9,0.38µg,6.36,0.89µg,5.91,,
81,False,True,True,False,1.0,6,655668,"Peppermint Brookie Pies - gluten free, dairy free",60.15,45,16,http://www.foodista.com/recipe/4WL26GS4/peppermint-brookie-pies-gluten-free-dairy-free,293,14.67,12g,18.8,6g,38.59,44g,14.72,33g,37.61,40mg,13.4,100mg,4.36,,,3g,6.91,62IU,1.25,1µg,1.43,0.3mg,14.94,,,0.05mg,2.62,0.22mg,11.15,1g,6.77,135mg,3.87,33mg,8.42,81mg,8.19,1mg,6.85,0.27mg,2.7,0.02mg,1.43,21mg,2.19,6µg,1.62,1mg,8.45,0.09mg,5.45,0.37mg,1.85,0.61mg,4.09,6µg,9.72,0.12µg,1.99,0.21µg,1.42,13mg,4.42
82,False,False,True,False,5.0,379,716297,Breaded Shrimp and Spicy Mayo Appetizer,64.43,20,4,http://www.afrolems.com/2013/10/13/breaded-shrimp-and-spicy-mayo/,250,12.52,7g,12.15,1g,9.31,33g,11.13,1g,1.75,89mg,29.74,729mg,31.73,,,10g,20.83,144IU,2.89,13µg,12.96,0.47mg,23.31,3mg,3.92,0.07mg,3.75,0.15mg,7.61,1g,7.1,115mg,3.3,22mg,5.68,120mg,12.09,2mg,15.4,0.43mg,4.34,0.39mg,26.07,77mg,7.7,72µg,18.09,0.68mg,4.52,0.26mg,15.17,2mg,14.4,1mg,6.68,25µg,36.18,0.31µg,5.17,0.23µg,1.56,,
83,False,True,False,False,4.0,28,633340,Bacon Wrapped Green Bean Bundles,161.77,45,6,https://www.foodista.com/recipe/D648KSZJ/bacon-wrapped-green-bean-bundles,591,29.59,45g,70.16,19g,123.91,36g,12.02,30g,33.79,90mg,30.19,705mg,30.69,,,11g,23.89,1283IU,25.66,17µg,16.82,0.28mg,14.18,13mg,16.95,0.38mg,19.03,0.13mg,6.28,3g,12.32,434mg,12.4,40mg,10.2,159mg,15.96,1mg,9.49,0.74mg,7.38,0.3mg,20.27,74mg,7.41,38µg,9.61,1mg,8.19,0.19mg,11.04,3mg,19.77,1mg,7.99,16µg,23.53,0.41µg,6.84,0.59µg,3.91,,
84,True,True,True,False,45.0,32,792072,Dressed Up Kale Salad,36.59,45,4,http://foodandspice.blogspot.com/2016/06/dressed-up-kale-salad.html,62,3.15,2g,3.53,0.3g,1.86,9g,3.02,4g,4.83,0.0mg,0.0,20mg,0.88,,,2g,5.74,1427IU,28.54,100µg,95.7,0.11mg,5.69,22mg,26.8,0.07mg,3.55,0.32mg,16.09,1g,4.49,176mg,5.03,14mg,3.7,47mg,4.74,0.63mg,3.51,,,0.08mg,5.45,37mg,3.72,12µg,3.12,,,0.03mg,1.53,0.38mg,1.88,0.31mg,2.06,1µg,2.15,,,,,,
85,True,True,False,False,3.0,54,632015,Agave Glazed Carrots,35.64,45,4,https://www.foodista.com/recipe/NDR83LNQ/agave-glazed-carrots,79,3.98,3g,4.75,1g,11.44,13g,4.38,8g,9.94,7mg,2.51,93mg,4.08,,,0.82g,1.64,10950IU,219.01,12µg,12.19,0.1mg,5.05,10mg,12.28,0.11mg,5.3,0.04mg,1.99,2g,8.88,244mg,6.98,10mg,2.65,27mg,2.79,0.25mg,1.39,0.23mg,2.28,0.06mg,3.7,30mg,3.07,16µg,4.05,0.55mg,3.67,0.05mg,2.74,0.72mg,3.59,0.18mg,1.17,,,,,,,,
86,True,True,True,False,0.0,22,716279,Fried Yam and Spicy Mayo,14.62,45,1,http://www.afrolems.com/2014/02/18/fried-yam-and-spicy-mayo/,101,5.07,10g,16.21,1g,10.29,1g,0.47,0.44g,0.49,5mg,1.96,471mg,20.5,,,0.26g,0.52,,,23µg,22.12,0.02mg,1.17,10mg,12.62,0.03mg,1.66,,,,,54mg,1.55,,,,,,,,,,,,,,,0.49mg,3.26,,,,,,,,,,,,,,
87,True,True,False,False,46.0,127,765011,Snap Pea and Green Bean Salad with Arugula Pesto,226.52,45,6,http://www.pinkwhen.com/snap-pea-green-bean-salad-arugula-pesto/,440,22.03,36g,55.83,4g,27.95,21g,7.18,5g,6.62,2mg,0.88,215mg,9.39,,,12g,24.61,1223IU,24.47,42µg,40.27,0.96mg,47.82,66mg,80.76,0.37mg,18.55,0.52mg,25.98,7g,30.21,677mg,19.35,126mg,31.67,271mg,27.11,4mg,22.62,0.88mg,8.77,0.27mg,18.12,186mg,18.66,136µg,34.22,9mg,65.87,0.38mg,22.25,1mg,7.77,1mg,11.42,2µg,3.73,0.08µg,1.26,,,,
88,True,True,True,False,14.0,803,637187,Carrot Cake Snack Bites,22.99,45,20,http://www.foodista.com/recipe/Z4DBX47V/carrot-cake-snack-bites,69,3.45,4g,7.02,1g,7.04,6g,2.32,4g,5.12,0.0mg,0.0,9mg,0.43,,,1g,2.91,2149IU,42.98,1µg,1.87,0.27mg,13.5,0.93mg,1.13,0.09mg,4.7,0.14mg,7.23,1g,6.1,124mg,3.55,21mg,5.25,43mg,4.33,0.43mg,2.38,0.14mg,1.42,0.07mg,4.84,14mg,1.49,14µg,3.61,1mg,8.62,0.03mg,1.63,0.55mg,2.73,0.35mg,2.3,2µg,3.17,,,,,,
89,False,True,False,False,3.0,7,645418,Green Beans with Pearl Onions and Salmon,58.74,45,4,https://www.foodista.com/recipe/PDS5KZWD/green-beans-with-pearl-onions-and-salmon,106,5.34,7g,10.97,3g,24.03,10g,3.37,5g,5.81,15mg,5.21,78mg,3.4,,,2g,5.29,958IU,19.16,17µg,16.65,0.26mg,12.78,14mg,17.48,0.18mg,9.04,0.09mg,4.58,3g,12.76,270mg,7.72,30mg,7.5,51mg,5.15,1mg,6.84,0.28mg,2.78,0.1mg,6.84,46mg,4.67,39µg,9.97,0.78mg,5.18,0.14mg,8.0,1mg,5.51,0.31mg,2.09,1µg,1.74,,,,,,
90,False,True,False,False,1.0,79,659782,Sex in a glass,83.36,45,6,http://www.foodista.com/recipe/3BZLKWW2/sex-in-a-glass,565,28.28,31g,48.96,19g,123.84,70g,23.66,40g,44.46,118mg,39.59,195mg,8.5,,,3g,6.6,1294IU,25.9,2µg,2.53,0.07mg,3.34,,,0.04mg,1.88,0.05mg,2.35,0.51g,2.06,225mg,6.46,20mg,5.24,98mg,9.87,0.25mg,1.4,0.4mg,3.96,0.03mg,2.1,108mg,10.89,5µg,1.27,0.91mg,6.05,0.19mg,10.98,0.78mg,3.88,0.44mg,2.91,1µg,1.89,0.26µg,4.41,0.6µg,4.0,78mg,26.18
91,False,False,False,False,7.0,10,637932,Chicken and White Bean Chili,134.06,45,9,https://www.foodista.com/recipe/J3VSRLHM/chicken-and-white-bean-chili,417,20.86,29g,45.55,13g,81.68,16g,5.4,1g,2.05,121mg,40.53,501mg,21.82,,,23g,46.19,1495IU,29.91,5µg,4.99,0.16mg,7.93,38mg,46.15,0.47mg,23.67,0.12mg,6.15,3g,14.93,353mg,10.11,35mg,8.78,208mg,20.86,2mg,16.42,1mg,11.32,0.13mg,8.6,105mg,10.52,26µg,6.63,1mg,10.08,0.24mg,14.2,7mg,36.7,1mg,10.91,17µg,24.33,0.41µg,6.86,0.47µg,3.14,,
92,False,False,False,False,1.0,31,635561,Blueberry-Lavender Sauce and Ginger Snap Ice Cream Cups,74.76,45,12,https://www.foodista.com/recipe/26YSG3GF/blueberry-lavender-sauce-and-ginger-snap-ice-cream-cups,291,14.58,11g,17.16,5g,36.98,47g,15.82,28g,31.93,22mg,7.56,220mg,9.6,,,2g,4.3,280IU,5.62,8µg,8.27,0.57mg,28.47,4mg,4.94,0.05mg,2.54,0.11mg,5.55,1g,6.31,141mg,4.05,17mg,4.3,36mg,3.63,1mg,10.82,0.2mg,1.98,0.07mg,4.91,34mg,3.46,27µg,6.91,0.73mg,4.84,0.12mg,6.97,1mg,5.43,0.27mg,1.77,1µg,2.58,,,0.15µg,1.02,,
93,True,False,False,False,38.0,135,782619,Mushroom Goat Cheese Baked Eggs,468.61,45,2,http://fullbellysisters.blogspot.com/2016/04/mushroom-goat-cheese-baked-eggs.html,762,38.11,27g,42.2,13g,81.83,89g,29.89,12g,13.78,454mg,151.36,1133mg,49.3,,,42g,85.91,926IU,18.53,10µg,10.11,1mg,52.42,9mg,11.8,0.82mg,41.06,1mg,61.87,7g,28.63,1226mg,35.03,86mg,21.59,671mg,67.14,9mg,53.05,5mg,59.08,0.84mg,55.91,197mg,19.71,303µg,75.78,1mg,10.36,1mg,112.86,14mg,73.08,4mg,28.95,92µg,131.75,1µg,19.23,2µg,18.9,,
94,True,True,False,False,6.0,122,715602,Green Chili Cheddar Dip (Guest Post),205.62,45,2,http://www.pinkwhen.com/green-chili-cheddar-dip-guest-post/,634,31.71,57g,88.65,33g,211.49,9g,3.23,5g,6.49,184mg,61.42,905mg,39.36,,,20g,41.94,2091IU,41.82,4µg,4.65,0.03mg,1.29,6mg,8.26,0.09mg,4.72,0.04mg,2.16,1g,7.76,221mg,6.32,26mg,6.67,413mg,41.37,0.86mg,4.78,0.89mg,8.86,0.04mg,2.76,520mg,52.05,23µg,5.76,0.5mg,3.32,0.36mg,20.91,0.22mg,1.08,2mg,15.77,10µg,15.41,0.75µg,12.57,1µg,6.8,,
95,True,True,False,False,7.0,13,637067,Caramelized Tofu & Gala Apple Salad,247.29,45,2,http://www.foodista.com/recipe/SRNHDHGT/caramelized-tofu-gala-apple-salad,329,16.49,15g,24.33,4g,29.74,33g,11.22,25g,28.4,15mg,5.02,192mg,8.35,,,16g,33.86,771IU,15.42,28µg,27.49,0.6mg,30.13,8mg,9.99,0.16mg,8.22,0.57mg,28.44,4g,18.19,619mg,17.7,78mg,19.53,260mg,26.01,3mg,18.13,0.27mg,2.68,0.28mg,18.55,110mg,11.03,36µg,9.08,0.64mg,4.27,0.13mg,7.93,0.82mg,4.09,1mg,12.12,1µg,1.52,,,,,,
96,False,True,False,False,11.0,23,633139,Avocado Chocolate Bits Frozen Yogurt,238.41,45,4,https://www.foodista.com/recipe/4RLKWMW5/avocado-chocolate-bits-frozen-yogurt,700,35.03,37g,58.22,15g,96.45,79g,26.39,65g,72.5,200mg,66.86,118mg,5.17,,,14g,28.91,593IU,11.88,21µg,20.59,0.72mg,36.03,9mg,11.86,0.37mg,18.52,0.76mg,38.18,9g,36.82,1000mg,28.59,126mg,31.65,423mg,42.37,3mg,21.17,2mg,26.73,0.19mg,12.48,320mg,32.03,107µg,26.89,2mg,16.97,0.58mg,34.13,2mg,10.19,3mg,20.99,20µg,29.31,1µg,22.23,2µg,16.7,37mg,12.54
97,False,False,False,False,21.0,18,632874,Asian Salmon Burgers With Tangy Ginger Lime Sauce,370.04,30,4,http://www.foodista.com/recipe/FRT38YTC/asian-salmon-burgers-with-tangy-ginger-lime-sauce,564,28.22,39g,61.16,6g,41.03,23g,7.68,3g,3.74,71mg,23.79,651mg,28.33,,,27g,55.29,149IU,2.99,35µg,33.51,0.39mg,19.37,2mg,2.51,0.99mg,49.3,0.36mg,17.93,1g,4.35,650mg,18.58,47mg,11.9,292mg,29.2,2mg,14.75,1mg,19.6,0.54mg,36.17,102mg,10.2,80µg,20.18,0.81mg,5.4,0.55mg,32.26,11mg,56.1,1mg,7.97,52µg,74.35,3µg,62.2,,,,
98,False,False,False,False,1.0,10,636325,Brownie Cheesecake,110.76,45,12,http://www.foodista.com/recipe/DHPVY2XZ/brownie-cheesecake,524,26.2,36g,56.44,20g,126.7,44g,14.87,38g,43.06,132mg,44.15,311mg,13.55,,,6g,12.32,1298IU,25.97,3µg,3.52,0.05mg,2.43,,,0.05mg,2.3,0.04mg,1.79,,,126mg,3.61,9mg,2.33,105mg,10.59,0.76mg,4.23,0.58mg,5.79,0.05mg,3.07,83mg,8.38,17µg,4.47,0.54mg,3.62,0.17mg,9.72,0.4mg,1.99,0.54mg,3.58,4µg,7.1,0.28µg,4.63,0.75µg,5.0,,
99,True,True,True,False,4.0,27,798956,Mango Banana Coconut Smoothie,64.83,45,4,http://foodandspice.blogspot.com/2016/08/mango-banana-coconut-smoothie.html,137,6.89,8g,12.84,7g,45.05,17g,5.74,12g,13.37,0.0mg,0.0,10mg,0.46,,,1g,3.08,462IU,9.26,2µg,1.97,0.44mg,21.78,17mg,21.48,0.17mg,8.45,0.18mg,8.91,1g,7.34,288mg,8.25,32mg,8.09,52mg,5.2,1mg,9.08,0.25mg,2.53,0.03mg,2.07,18mg,1.83,29µg,7.3,0.41mg,2.76,0.04mg,2.27,0.77mg,3.87,0.33mg,2.21,,,,,,,,
